"DESCRIPTION","DURATION IN MS","NAME","PARENT SUITE","START TIME","STATUS","STOP TIME","SUB SUITE","SUITE","TEST CLASS","TEST METHOD"
"","7082","Invalid username and Invalid password","chromium","2026-05-28","passed","2026-05-28","","loginpage.spec.js","",""
"","6843","Invalid username and valid password","chromium","2026-05-28","passed","2026-05-28","","loginpage.spec.js","",""
"","21022","Purchase a laptopn from laptops","chromium","2026-05-28","passed","2026-05-28","","Addtocart.spec.js","",""
"","8498","Login and Logout test in Playwright","chromium","2026-05-28","passed","2026-05-28","","Logout.spec.js","",""
"","6628","valid username and Invalid password","chromium","2026-05-28","passed","2026-05-28","","loginpage.spec.js","",""
"","7211","valid username and valid password","chromium","2026-05-28","passed","2026-05-28","","loginpage.spec.js","",""
"","6802","Signup test in Playwright","chromium","2026-05-28","passed","2026-05-28","","signup.spec.js","",""
"","22955","Purchase a Monitor from Monitors","chromium","2026-05-28","passed","2026-05-28","","PurchaseMonitor.spec.js","",""
"","21432","Purchase a Phone from Phones","chromium","2026-05-28","passed","2026-05-28","","Addphone.spec.js","",""
